<configuration>
    <appender name="STDOUT" class="ch.qos.logback.core.ConsoleAppender">
        <encoder>
            <pattern>%d{HH:mm:ss.SSS} [%thread] %-5level %logger{36} - %msg%n</pattern>
        </encoder>
    </appender>

    <logger name="o.n.c" level="WARN"/>
    <logger name="org.nugraph.client" level="WARN"/>
    <logger name="io.grpc.netty" level="WARN"/>
    <logger name="i.g.n" level="WARN"/>
    <logger name="com.ebay" level="WARN"/>
    <logger name="io.netty" level="WARN"/>

    <root level="DEBUG"> <appender-ref ref="STDOUT" />
    </root>
</configuration>